{
  "config": {
    "model": "dense",
    "seq": "1024,2048,4096,8192",
    "selkv_ratio": 0.875,
    "effective_context": 65536,
    "chunk": 4096,
    "budget": 8192,
    "dense_model": "Qwen/Qwen2.5-0.5B",
    "hybrid_model": "tiiuae/Falcon-H1-0.5B-Instruct",
    "moe_model": "ibm-granite/granite-3.1-1b-a400m-instruct",
    "out": "/home/irfan/Desktop/Opusedge/bench/llm_chunked_qwen_65k.json"
  },
  "runs": [
    {
      "family": "dense",
      "model": "Qwen/Qwen2.5-0.5B",
      "effective_context": 65536,
      "chunk": 4096,
      "budget": 8192,
      "steps": 16,
      "total_ms": 8763.220471999375,
      "peak_vram_per_step": [
        1687.91015625,
        1747.78515625,
        1803.91015625,
        1810.91015625,
        1806.91015625,
        1810.31640625,
        1813.91015625,
        1805.91015625,
        1806.91015625,
        1810.91015625,
        1806.91015625,
        1806.91015625,
        1812.91015625,
        1805.31640625,
        1802.91015625,
        1806.00390625
      ],
      "kv_size_per_step": [
        4096,
        8192,
        8192,
        8192,
        8192,
        8192,
        8192,
        8192,
        8192,
        8192,
        8192,
        8192,
        8192,
        8192,
        8192,
        8192
      ],
      "kv_baseline_mib_analytical": 768.0,
      "kv_after_selkv_mib_analytical": 96.0,
      "analytical_reduction_pct": 87.5,
      "kv_bytes_before_trim_mib": [
        144.0,
        144.0,
        144.0,
        144.0,
        144.0,
        144.0,
        144.0,
        144.0,
        144.0,
        144.0,
        144.0,
        144.0,
        144.0,
        144.0
      ],
      "kv_bytes_after_trim_mib": [
        96.0,
        96.0,
        96.0,
        96.0,
        96.0,
        96.0,
        96.0,
        96.0,
        96.0,
        96.0,
        96.0,
        96.0,
        96.0,
        96.0
      ],
      "per_trim_reduction_pct": [
        33.333333333333336,
        33.333333333333336,
        33.333333333333336,
        33.333333333333336,
        33.333333333333336,
        33.333333333333336,
        33.333333333333336,
        33.333333333333336,
        33.333333333333336,
        33.333333333333336,
        33.333333333333336,
        33.333333333333336,
        33.333333333333336,
        33.333333333333336
      ],
      "per_trim_reduction_pct_mean": 33.333333333333336,
      "kv_bytes_before_mean_mib": 144.0,
      "kv_bytes_after_mean_mib": 96.0,
      "peak_kv_bytes_actual_mib": 96.0,
      "peak_kv_bytes_no_evict_mib": 768.0,
      "peak_kv_reduction_pct": 87.5,
      "peak_vram_max_mib": 1813.91015625
    }
  ]
}