{
  "config": {
    "model": "hybrid",
    "seq": "1024,2048,4096,8192",
    "selkv_ratio": 0.875,
    "effective_context": 16384,
    "chunk": 1024,
    "budget": 2048,
    "dense_model": "Qwen/Qwen2.5-0.5B",
    "hybrid_model": "tiiuae/Falcon-H1-0.5B-Instruct",
    "moe_model": "ibm-granite/granite-3.1-1b-a400m-instruct",
    "out": "/home/irfan/Desktop/Opusedge/bench/llm_chunked_falcon_16k.json"
  },
  "runs": [
    {
      "family": "hybrid",
      "model": "tiiuae/Falcon-H1-0.5B-Instruct",
      "effective_context": 16384,
      "chunk": 1024,
      "budget": 2048,
      "steps": 16,
      "total_ms": 27516.913304996706,
      "peak_vram_per_step": [
        2866.953125,
        2887.109375,
        2905.609375,
        2905.609375,
        2905.609375,
        2905.609375,
        2905.609375,
        2905.609375,
        2905.609375,
        2905.609375,
        2905.609375,
        2905.609375,
        2905.609375,
        2905.609375,
        2905.609375,
        2905.609375
      ],
      "kv_size_per_step": [
        1024,
        2048,
        2048,
        2048,
        2048,
        2048,
        2048,
        2048,
        2048,
        2048,
        2048,
        2048,
        2048,
        2048,
        2048,
        2048
      ],
      "kv_baseline_mib_analytical": 576.0,
      "kv_after_selkv_mib_analytical": 72.0,
      "analytical_reduction_pct": 87.5,
      "kv_bytes_before_trim_mib": [
        54.0,
        54.0,
        54.0,
        54.0,
        54.0,
        54.0,
        54.0,
        54.0,
        54.0,
        54.0,
        54.0,
        54.0,
        54.0,
        54.0
      ],
      "kv_bytes_after_trim_mib": [
        36.0,
        36.0,
        36.0,
        36.0,
        36.0,
        36.0,
        36.0,
        36.0,
        36.0,
        36.0,
        36.0,
        36.0,
        36.0,
        36.0
      ],
      "per_trim_reduction_pct": [
        33.333333333333336,
        33.333333333333336,
        33.333333333333336,
        33.333333333333336,
        33.333333333333336,
        33.333333333333336,
        33.333333333333336,
        33.333333333333336,
        33.333333333333336,
        33.333333333333336,
        33.333333333333336,
        33.333333333333336,
        33.333333333333336,
        33.333333333333336
      ],
      "per_trim_reduction_pct_mean": 33.333333333333336,
      "kv_bytes_before_mean_mib": 54.0,
      "kv_bytes_after_mean_mib": 36.0,
      "peak_kv_bytes_actual_mib": 36.0,
      "peak_kv_bytes_no_evict_mib": 576.0,
      "peak_kv_reduction_pct": 93.75,
      "peak_vram_max_mib": 2905.609375
    }
  ]
}